{

    "metadata" :
    {
        "formatVersion" : 3.1,
        "sourceFile"    : "boat.obj",
        "generatedBy"   : "OBJConverter",
        "vertices"      : 31,
        "faces"         : 58,
        "normals"       : 29,
        "colors"        : 0,
        "uvs"           : 0,
        "materials"     : 1
    },

    "scale" : 1.000000,

    "materials": [	{
	"DbgColor" : 15658734,
	"DbgIndex" : 0,
	"DbgName" : "DefaultMaterial",
	"colorAmbient" : [0.05, 0.05, 0.05],
	"colorDiffuse" : [0.6, 0.6, 0.6],
	"colorSpecular" : [0.6, 0.6, 0.6],
	"illumination" : 1
	}],

    "vertices": [-20.000000,69.922500,3.442360,0.000000,99.904200,4.489340,-20.000000,69.957400,2.442960,0.000000,99.939100,3.489950,-18.991600,69.079800,3.412930,-16.000000,-0.034899,0.999391,-15.352300,6.337600,1.221920,-18.144700,70.829200,3.474020,0.000000,98.374700,4.435930,20.000000,69.922500,3.442360,18.144700,70.829200,3.474020,18.991600,69.079800,3.412930,16.000000,-0.034899,0.999391,15.352300,6.337600,1.221920,15.021000,1.000000,1.035530,14.642900,0.972241,1.034560,-14.642900,0.972241,1.034560,-15.021000,1.000000,1.035530,-16.000000,0.000000,0.000000,-14.000000,63.000000,-10.000000,0.000000,90.000000,-10.000000,20.000000,69.957400,2.442960,16.000000,0.000000,0.000000,11.200000,0.000000,-10.000000,-11.200000,0.000000,-10.000000,-13.580000,62.740000,-7.000000,0.000000,89.200000,-7.000000,-10.864000,1.000000,-7.000000,10.864000,1.000000,-7.000000,13.580000,62.740000,-7.000000,14.000000,63.000000,-10.000000],

    "morphTargets": [],

    "morphColors": [],

    "normals": [-0.83205,0.55436,0.019359,0,-0.034899,0.99939,-0.99837,-0.057015,-0.001991,-0.90813,-0.037363,-0.41701,-0.73225,0.37968,-0.56538,-0.76177,0.52157,-0.38428,0.76177,0.52157,-0.38428,0.83205,0.55436,0.019359,0.99837,-0.057015,-0.001991,0.072516,-0.99676,-0.034808,0,-0.99999,-0.0031728,-0.072516,-0.99676,-0.034808,0.71503,-0.36697,0.59503,0.89565,0.036473,0.44327,0.88751,0.039042,0.45914,0.073251,0.99659,0.037895,0,0.99999,0.0034549,-0.073251,0.99659,0.037895,-0.88751,0.039042,0.45914,-0.89565,0.036473,0.44327,-0.71503,-0.36697,0.59503,-0.75487,-0.51158,0.41042,0.75487,-0.51158,0.41042,-0.9008,-0.040036,-0.43238,0,0,-1,0.73225,0.37968,-0.56538,0.90813,-0.037363,-0.41701,0.9008,-0.040036,-0.43238,0,0,1],

    "colors": [],

    "uvs": [[]],

    "faces": [34,0,1,2,0,0,0,0,34,2,1,3,0,0,0,0,34,4,0,5,0,1,1,1,34,6,4,5,0,1,1,1,34,7,0,4,0,1,1,1,34,1,0,7,0,1,1,1,34,7,8,1,0,1,1,1,34,9,1,10,0,1,1,1,34,8,10,1,0,1,1,1,34,9,11,12,0,1,1,1,34,9,10,11,0,1,1,1,34,11,13,12,0,1,1,1,34,13,14,12,0,1,1,1,34,12,15,5,0,1,1,1,34,12,14,15,0,1,1,1,34,15,16,5,0,1,1,1,34,16,17,5,0,1,1,1,34,17,6,5,0,1,1,1,34,0,2,5,0,2,2,2,34,5,2,18,0,2,2,2,34,18,2,19,0,3,3,3,34,19,2,20,0,4,4,4,34,20,2,3,0,5,5,5,34,21,20,3,0,6,6,6,34,3,1,9,0,7,7,7,34,21,3,9,0,7,7,7,34,9,12,22,0,8,8,8,34,21,9,22,0,8,8,8,34,12,23,22,0,9,9,9,34,12,5,24,0,10,10,10,34,23,12,24,0,10,10,10,34,24,5,18,0,11,11,11,34,25,26,7,0,12,12,12,34,4,25,7,0,12,12,12,34,6,25,4,0,13,13,13,34,17,27,25,0,14,14,14,34,6,17,25,0,14,14,14,34,16,27,17,0,15,15,15,34,28,27,15,0,16,16,16,34,15,27,16,0,16,16,16,34,15,14,28,0,17,17,17,34,13,29,14,0,18,18,18,34,14,29,28,0,18,18,18,34,13,11,29,0,19,19,19,34,11,10,29,0,20,20,20,34,29,10,26,0,20,20,20,34,10,8,26,0,21,21,21,34,26,8,7,0,22,22,22,34,24,18,19,0,23,23,23,34,19,20,24,0,24,24,24,34,24,20,30,0,24,24,24,34,24,30,23,0,24,24,24,34,30,20,21,0,25,25,25,34,22,30,21,0,26,26,26,34,22,23,30,0,27,27,27,34,27,28,29,0,28,28,28,34,25,27,26,0,28,28,28,34,26,27,29,0,28,28,28]

}
